{
  "project_info": {
    "project_number": "255130659361",
    "project_id": "testiny-e9a59",
    "storage_bucket": "testiny-e9a59.appspot.com"
  },
  "client": [
    {
      "client_info": {
        "mobilesdk_app_id": "1:255130659361:android:154e40eae04784f1fb9160",
        "android_client_info": {
          "package_name": "com.example.testiny"
        }
      },
      "oauth_client": [
        {
          "client_id": "255130659361-mmuijevcl75l01p21cee0102a2t34t1i.apps.googleusercontent.com",
          "client_type": 3
        }
      ],
      "api_key": [
        {
          "current_key": "AIzaSyAq_189o1Fd5P2eYjtwnikY2lnncSDAKyw"
        }
      ],
      "services": {
        "appinvite_service": {
          "other_platform_oauth_client": [
            {
              "client_id": "255130659361-mmuijevcl75l01p21cee0102a2t34t1i.apps.googleusercontent.com",
              "client_type": 3
            }
          ]
        }
      }
    }
  ],
  "configuration_version": "1"
}